{"cameraMode":{"drawMode":0,"name":"Shaded","section":"Shading Mode"},"sceneLighting":true,"audioPlay":false,"sceneViewState":{"showFog":true,"showMaterialUpdate":false,"showSkybox":true,"showFlares":true,"showImageEffects":true,"showParticleSystems":true},"in2DMode":false,"pivot":{"x":423.62347412109377,"y":291.6173400878906,"z":-46.588443756103519},"rotation":{"x":0.13875356316566468,"y":-0.722590982913971,"z":0.15203247964382173,"w":0.6599476933479309},"size":6.065651893615723,"orthographic":false}