{"cameraMode":{"drawMode":0,"name":"Shaded","section":"Shading Mode"},"sceneLighting":false,"audioPlay":false,"sceneViewState":{"showFog":true,"showMaterialUpdate":false,"showSkybox":false,"showFlares":true,"showImageEffects":true,"showParticleSystems":true},"in2DMode":false,"pivot":{"x":-0.2538628578186035,"y":3.500976324081421,"z":-20.058731079101564},"rotation":{"x":0.13875356316566468,"y":-0.722590982913971,"z":0.15203247964382173,"w":0.6599476933479309},"size":2.5964019298553469,"orthographic":false}