{"cameraMode":{"drawMode":0,"name":"Shaded","section":"Shading Mode"},"sceneLighting":false,"audioPlay":false,"sceneViewState":{"showFog":true,"showMaterialUpdate":false,"showSkybox":false,"showFlares":true,"showImageEffects":true,"showParticleSystems":true},"in2DMode":false,"pivot":{"x":861.6609497070313,"y":378.3778076171875,"z":-8.029999732971192},"rotation":{"x":0.13875356316566468,"y":-0.722590982913971,"z":0.15203247964382173,"w":0.6599476933479309},"size":1.0392200946807862,"orthographic":false}