{"cameraMode":{"drawMode":0,"name":"Shaded","section":"Shading Mode"},"sceneLighting":false,"audioPlay":false,"sceneViewState":{"showFog":true,"showMaterialUpdate":false,"showSkybox":false,"showFlares":true,"showImageEffects":true,"showParticleSystems":true},"in2DMode":false,"pivot":{"x":423.62347412109377,"y":291.6173400878906,"z":-46.588443756103519},"rotation":{"x":0.036297183483839038,"y":0.016798805445432664,"z":-0.0005971992504782975,"w":0.9992157220840454},"size":1.0330126285552979,"orthographic":false}