{"cameraMode":{"drawMode":0,"name":"Shaded","section":"Shading Mode"},"sceneLighting":false,"audioPlay":false,"sceneViewState":{"showFog":true,"showMaterialUpdate":false,"showSkybox":false,"showFlares":true,"showImageEffects":true,"showParticleSystems":true},"in2DMode":false,"pivot":{"x":423.62347412109377,"y":291.6173400878906,"z":-46.588443756103519},"rotation":{"x":0.03928228095173836,"y":-0.02966274321079254,"z":0.0011796284234151245,"w":0.9988031983375549},"size":2.0436367988586427,"orthographic":false}